{
"SC": {"moda": 850, "media": 649.5376527422563, "mediana": 653.0, "desvio_padrao": 97.23349279343306}, 
"RS": {"moda": 850, "media": 651.1051428571428, "mediana": 650.0, "desvio_padrao": 95.1365984138357}, 
"PR": {"moda": 850, "media": 648.9612940496822, "mediana": 650.0, "desvio_padrao": 98.60718591309772}
}